{"cameraMode":{"drawMode":0,"name":"Shaded","section":"Shading Mode"},"sceneLighting":false,"audioPlay":false,"sceneViewState":{"m_AlwaysRefresh":false,"showFog":true,"showSkybox":false,"showFlares":true,"showImageEffects":true,"showParticleSystems":true,"showVisualEffectGraphs":true,"m_FxEnabled":true},"in2DMode":false,"pivot":{"x":2.016112804412842,"y":-10.94714641571045,"z":2.099249839782715},"rotation":{"x":0.040462885051965716,"y":0.03596275672316551,"z":-0.0014564270386472345,"w":0.9985364079475403},"size":14.169473648071289,"orthographic":true}