{"cameraMode":{"drawMode":0,"name":"Shaded","section":"Shading Mode"},"sceneLighting":false,"audioPlay":false,"sceneViewState":{"m_AlwaysRefresh":false,"showFog":true,"showSkybox":false,"showFlares":true,"showImageEffects":true,"showParticleSystems":true,"showVisualEffectGraphs":true,"m_FxEnabled":true},"in2DMode":false,"pivot":{"x":1.4747798442840577,"y":0.023697376251220704,"z":-0.3912588357925415},"rotation":{"x":-0.10451489686965943,"y":-0.07451842725276947,"z":-0.007845827378332615,"w":0.9917056560516357},"size":9.026825904846192,"orthographic":true}