{"cameraMode":{"drawMode":0,"name":"Shaded","section":"Shading Mode"},"sceneLighting":false,"audioPlay":false,"sceneViewState":{"m_AlwaysRefresh":false,"showFog":true,"showSkybox":false,"showFlares":true,"showImageEffects":true,"showParticleSystems":true,"showVisualEffectGraphs":true,"m_FxEnabled":true},"in2DMode":false,"pivot":{"x":1.4747798442840577,"y":0.023697376251220704,"z":-0.3912588357925415},"rotation":{"x":-0.708137571811676,"y":-0.02539895474910736,"z":-0.025501884520053865,"w":0.7051659226417542},"size":5.812623023986816,"orthographic":true}