{"cameraMode":{"drawMode":0,"name":"Shaded","section":"Shading Mode"},"sceneLighting":false,"audioPlay":false,"sceneViewState":{"m_AlwaysRefresh":false,"showFog":true,"showSkybox":false,"showFlares":true,"showImageEffects":true,"showParticleSystems":true,"showVisualEffectGraphs":true,"m_FxEnabled":true},"in2DMode":false,"pivot":{"x":-5.604796886444092,"y":-3.2326853275299074,"z":1.008188009262085},"rotation":{"x":-0.005374345928430557,"y":0.697477400302887,"z":0.005231198854744434,"w":0.7165679931640625},"size":3.2660305500030519,"orthographic":false}