{"cameraMode":{"drawMode":0,"name":"Shaded","section":"Shading Mode"},"sceneLighting":false,"audioPlay":false,"sceneViewState":{"showFog":true,"showMaterialUpdate":false,"showSkybox":false,"showFlares":true,"showImageEffects":true,"showParticleSystems":true},"in2DMode":false,"pivot":{"x":-4.2228193283081059,"y":-7.735278129577637,"z":-7.9140625},"rotation":{"x":-0.10800722986459732,"y":-0.33316144347190859,"z":-0.03844735771417618,"w":0.9358764886856079},"size":5.728262901306152,"orthographic":true}