{"cameraMode":{"drawMode":0,"name":"Shaded","section":"Shading Mode"},"sceneLighting":false,"audioPlay":false,"sceneViewState":{"showFog":true,"showMaterialUpdate":false,"showSkybox":false,"showFlares":true,"showImageEffects":true,"showParticleSystems":true},"in2DMode":false,"pivot":{"x":6.35786771774292,"y":-4.116048812866211,"z":3.630692481994629},"rotation":{"x":-0.25695955753326418,"y":0.11850851029157639,"z":0.031762003898620608,"w":0.9586081504821777},"size":8.663241386413575,"orthographic":true}