{"cameraMode":{"drawMode":0,"name":"Shaded","section":"Shading Mode"},"sceneLighting":true,"audioPlay":false,"sceneViewState":{"showFog":true,"showMaterialUpdate":false,"showSkybox":true,"showFlares":true,"showImageEffects":true,"showParticleSystems":true},"in2DMode":false,"pivot":{"x":65.07378387451172,"y":64.97251892089844,"z":27.20608901977539},"rotation":{"x":-0.1911916434764862,"y":0.2580486834049225,"z":-0.052169039845466617,"w":-0.9455977082252502},"size":1.1683746576309205,"orthographic":true}