{"cameraMode":{"drawMode":0,"name":"Shaded","section":"Shading Mode"},"sceneLighting":false,"audioPlay":false,"sceneViewState":{"showFog":true,"showMaterialUpdate":false,"showSkybox":false,"showFlares":true,"showImageEffects":true,"showParticleSystems":true},"in2DMode":false,"pivot":{"x":15.000000953674317,"y":-0.5000000596046448,"z":5.579997539520264},"rotation":{"x":-0.06289885193109513,"y":-0.04340016841888428,"z":-0.002737840171903372,"w":0.9970737099647522},"size":13.718684196472168,"orthographic":false}