{"cameraMode":{"drawMode":0,"name":"Shaded","section":"Shading Mode"},"sceneLighting":true,"audioPlay":false,"sceneViewState":{"showFog":true,"showMaterialUpdate":false,"showSkybox":true,"showFlares":true,"showImageEffects":true,"showParticleSystems":true},"in2DMode":false,"pivot":{"x":99.23082733154297,"y":60.133880615234378,"z":-10.917351722717286},"rotation":{"x":-0.04304947331547737,"y":0.8079597353935242,"z":0.05949217453598976,"w":0.5846492648124695},"size":1.5949599742889405,"orthographic":true}