{"cameraMode":{"drawMode":0,"name":"Shaded","section":"Shading Mode"},"sceneLighting":false,"audioPlay":false,"sceneViewState":{"showFog":true,"showMaterialUpdate":false,"showSkybox":false,"showFlares":true,"showImageEffects":true,"showParticleSystems":true},"in2DMode":false,"pivot":{"x":3.8636648654937746,"y":-9.863462448120118,"z":-1.654250979423523},"rotation":{"x":0.6897819638252258,"y":-0.015200196765363217,"z":0.0144875543192029,"w":0.7237124443054199},"size":10.253273010253907,"orthographic":false}