{"cameraMode":{"drawMode":0,"name":"Shaded","section":"Shading Mode"},"sceneLighting":false,"audioPlay":false,"sceneViewState":{"showFog":true,"showMaterialUpdate":false,"showSkybox":false,"showFlares":true,"showImageEffects":true,"showParticleSystems":true},"in2DMode":false,"pivot":{"x":3.1405980587005617,"y":2.2839672565460207,"z":1.706655502319336},"rotation":{"x":-0.038936395198106769,"y":0.0524359792470932,"z":0.0020460409577935936,"w":0.9978626370429993},"size":11.698781967163086,"orthographic":false}