{"cameraMode":{"drawMode":0,"name":"Shaded","section":"Shading Mode"},"sceneLighting":true,"audioPlay":false,"sceneViewState":{"showFog":true,"showMaterialUpdate":false,"showSkybox":true,"showFlares":true,"showImageEffects":true,"showParticleSystems":true},"in2DMode":false,"pivot":{"x":84.33360290527344,"y":93.13919830322266,"z":5.0},"rotation":{"x":-0.27360719442367556,"y":0.10935497283935547,"z":0.0313270166516304,"w":0.9550924301147461},"size":10.852391242980957,"orthographic":true}