{"cameraMode":{"drawMode":0,"name":"Shaded","section":"Shading Mode"},"sceneLighting":false,"audioPlay":false,"sceneViewState":{"showFog":true,"showMaterialUpdate":false,"showSkybox":true,"showFlares":true,"showImageEffects":true,"showParticleSystems":true},"in2DMode":false,"pivot":{"x":86.12279510498047,"y":99.4132080078125,"z":-95.22598266601563},"rotation":{"x":0.36110642552375796,"y":-0.06845216453075409,"z":0.026588354259729387,"w":0.9296384453773499},"size":110.6036148071289,"orthographic":true}