{"cameraMode":{"drawMode":0,"name":"Shaded","section":"Shading Mode"},"sceneLighting":false,"audioPlay":false,"sceneViewState":{"m_AlwaysRefresh":false,"showFog":true,"showSkybox":false,"showFlares":true,"showImageEffects":true,"showParticleSystems":true,"showVisualEffectGraphs":true,"m_FxEnabled":true},"in2DMode":false,"pivot":{"x":0.030963897705078126,"y":-0.03500247001647949,"z":-0.6600006818771362},"rotation":{"x":-0.003208755049854517,"y":-0.7011364698410034,"z":-0.0031554680317640306,"w":0.7130141258239746},"size":6.030228614807129,"orthographic":true}