{"cameraMode":{"drawMode":0,"name":"Shaded","section":"Shading Mode"},"sceneLighting":true,"audioPlay":false,"sceneViewState":{"m_AlwaysRefresh":false,"showFog":true,"showSkybox":true,"showFlares":true,"showImageEffects":true,"showParticleSystems":true,"showVisualEffectGraphs":true,"m_FxEnabled":true},"in2DMode":false,"pivot":{"x":50.14583206176758,"y":10.70022964477539,"z":-134.2860107421875},"rotation":{"x":0.18587259948253632,"y":-0.6409861445426941,"z":0.16401205956935883,"w":0.7264218330383301},"size":0.010358605533838272,"orthographic":true}