{"cameraMode":{"drawMode":0,"name":"Shaded","section":"Shading Mode"},"sceneLighting":false,"audioPlay":false,"sceneViewState":{"m_AlwaysRefresh":false,"showFog":true,"showSkybox":false,"showFlares":true,"showImageEffects":true,"showParticleSystems":true,"showVisualEffectGraphs":true,"m_FxEnabled":true},"in2DMode":false,"pivot":{"x":3.2021918296813967,"y":-2.6574764251708986,"z":-1.9750220775604249},"rotation":{"x":-0.08090583980083466,"y":0.013455213978886605,"z":0.0010945023968815804,"w":0.9966418147087097},"size":12.4391450881958,"orthographic":true}