{"cameraMode":{"drawMode":0,"name":"Shaded","section":"Shading Mode"},"sceneLighting":true,"audioPlay":false,"sceneViewState":{"m_AlwaysRefresh":false,"showFog":true,"showSkybox":true,"showFlares":true,"showImageEffects":true,"showParticleSystems":true,"showVisualEffectGraphs":true,"m_FxEnabled":true},"in2DMode":false,"pivot":{"x":50.01606369018555,"y":10.711849212646485,"z":-134.3497314453125},"rotation":{"x":-0.42620670795440676,"y":0.3058951795101166,"z":0.15577147901058198,"w":0.836972177028656},"size":0.32119739055633547,"orthographic":true}