{"cameraMode":{"drawMode":0,"name":"Shaded","section":"Shading Mode"},"sceneLighting":true,"audioPlay":false,"sceneViewState":{"m_AlwaysRefresh":false,"showFog":true,"showSkybox":true,"showFlares":true,"showImageEffects":true,"showParticleSystems":true,"showVisualEffectGraphs":true,"m_FxEnabled":true},"in2DMode":false,"pivot":{"x":49.8579216003418,"y":10.710311889648438,"z":-134.29608154296876},"rotation":{"x":-0.4363081157207489,"y":-0.005398694891482592,"z":-0.002617881866171956,"w":0.8997777700424194},"size":0.07119381427764893,"orthographic":true}